,precision,recall,f1-score,support
0,0.8439781960300319,0.7872973232274777,0.8146530328601211,10423.0
1,0.7443619962170813,0.7255708410154588,0.734846308532031,7051.0
2,0.14618834080717488,0.6877637130801688,0.2411242603550296,237.0
accuracy,0.7613912257918808,0.7613912257918808,0.7613912257918808,0.7613912257918808
macro avg,0.5781761776847627,0.7335439591077018,0.5968745339157273,17711.0
weighted avg,0.794982090752581,0.7613912257918808,0.7752061618578586,17711.0
