,precision,recall,f1-score,support
0,0.9066906406737958,0.919217115993476,0.9129109099571224,10423.0
1,0.8756312220458808,0.86072897461353,0.8681161493348591,7051.0
2,0.7417840375586855,0.6666666666666666,0.7022222222222222,237.0
accuracy,0.8925526508949241,0.8925526508949241,0.8925526508949241,0.8925526508949241
macro avg,0.8413686334261207,0.8155375857578909,0.8277497605047346,17711.0
weighted avg,0.892118746049906,0.8925526508949241,0.8922581474851701,17711.0
