Metric,Value
Testing Accuracy,0.8925526508949241
Testing F1-Score,0.8922581474851701
Testing Precision,0.892118746049906
Testing Recall,0.8925526508949241
Testing ROC-AUC,0.9460710728570794
